<?xml version = '1.0' encoding = 'UTF-8'?>
<ExtendedMap class="oracle.dbtools.crest.model.xtdmapping.ExtendedMap">
<mappings itemClass="oracle.dbtools.crest.model.xtdmapping.XtdMapping">
<Mapping id="7B39F867-7A4D131FD70BEF83C820-ED4D596BF3C2" delID="7B39F867-2029-B262-B41E-7A4D131FD70B" oCont="E9FE02E4-C6AD-3FA1-8CA5-CDD69EC8AACD" oDP="4E24D0EE-CBC1-5404-BBFA-4F7CD0CECA44" oID="7B39F867-2029-B262-B41E-7A4D131FD70B" tCont="5154792E-4CC0-0009-5201-83F156EB83F5" tDP="E9908741-83B1-450C-F66E-91001D8B4836" tID="EF83C820-D2B3-E7BD-409C-ED4D596BF3C2">
</Mapping>
<Mapping id="9EE18BD5-B6776C0B659BF0FC1F8C-A96266E02CF5" delID="9EE18BD5-D63A-4D3D-D148-B6776C0B659B" oCont="F85C5DD8-4874-CE3E-09CF-1F0ABFF77CF5" oDP="4E24D0EE-CBC1-5404-BBFA-4F7CD0CECA44" oID="9EE18BD5-D63A-4D3D-D148-B6776C0B659B" tCont="5909DAEE-9242-0743-D8E8-AE295BC2C61C" tDP="E9908741-83B1-450C-F66E-91001D8B4836" tID="F0FC1F8C-6D3D-F9F3-4883-A96266E02CF5">
</Mapping>
<Mapping id="DDF15031-7E5BB89F0BC28B56AF78-A785199837B0" delID="DDF15031-551A-CB2A-4C2E-7E5BB89F0BC2" oDP="4E24D0EE-CBC1-5404-BBFA-4F7CD0CECA44" oID="DDF15031-551A-CB2A-4C2E-7E5BB89F0BC2" oType="3" rSEnt="E9FE02E4-C6AD-3FA1-8CA5-CDD69EC8AACD" rTEnt="F85C5DD8-4874-CE3E-09CF-1F0ABFF77CF5" tDP="E9908741-83B1-450C-F66E-91001D8B4836" tID="8B56AF78-907C-E2FD-E9BC-A785199837B0" tType="8">
</Mapping>
</mappings>
</ExtendedMap>