<?xml version = '1.0' encoding = 'UTF-8'?>
<Diagram class="oracle.dbtools.crest.swingui.logical.DPVLogical" name="Logical" id="2A26D2DF-C521-4BB2-693A-6F640650753F">
<createdBy>ARS</createdBy>
<modifiedBy>ARS</modifiedBy>
<createdTime>2022-10-11 06:52:38 UTC</createdTime>
<autoRoute>false</autoRoute>
<boxInbox>true</boxInbox>
<showLegend>false</showLegend>
<showLabels>true</showLabels>
<showRelAttributes>false</showRelAttributes>
<gridEnabled>false</gridEnabled>
<showGrid>false</showGrid>
<diagramColor>-1</diagramColor>
<display>false</display>
<notation>1</notation>
<objectViews>
<OView class="oracle.dbtools.crest.swingui.logical.TVEntity" oid="4587256C-D802-2469-800B-CE03CDBE0C4D" otype="Entity" vid="B834D3E3-9E73-4E60-994B-389A82EADC23">
<hideElementsInCurrentOnly>false</hideElementsInCurrentOnly>
<bounds x="615" y="0" width="170" height="138"/>
</OView>
<OView class="oracle.dbtools.crest.swingui.logical.TVEntity" oid="54FBD0A3-25A6-C945-8575-D0A635D068D6" otype="Entity" vid="A2D7347D-8F6B-CE0A-4ECE-8BDACA3BC6E6">
<hideElementsInCurrentOnly>false</hideElementsInCurrentOnly>
<bounds x="1113" y="351" width="170" height="112"/>
</OView>
<OView class="oracle.dbtools.crest.swingui.logical.TVEntity" oid="5E1E7A22-16EE-6310-847D-9DF3D87935CD" otype="Entity" vid="7CFE37C1-0C45-13DA-5A19-6E368D69A89F">
<hideElementsInCurrentOnly>false</hideElementsInCurrentOnly>
<bounds x="906" y="176" width="170" height="113"/>
</OView>
<OView class="oracle.dbtools.crest.swingui.logical.TVEntity" oid="BC9B17C6-39FE-48B0-1667-BC73542E7D8A" otype="Entity" vid="38A10D83-B97C-BE8D-56D5-8E3ED064BF64">
<hideElementsInCurrentOnly>false</hideElementsInCurrentOnly>
<bounds x="7" y="136" width="170" height="112"/>
</OView>
<OView class="oracle.dbtools.crest.swingui.logical.TVEntity" oid="E6179B46-05FD-B0D3-7000-072B38768B44" otype="Entity" vid="5C3F7030-39E4-6233-1B98-4D248D7AE3CA">
<hideElementsInCurrentOnly>false</hideElementsInCurrentOnly>
<bounds x="126" y="340" width="170" height="112"/>
</OView>
<OView class="oracle.dbtools.crest.swingui.logical.TVEntity" oid="E9FE02E4-C6AD-3FA1-8CA5-CDD69EC8AACD" otype="Entity" vid="F3A68EDA-D721-70D7-B33F-8A5A7F39ED6F">
<hideElementsInCurrentOnly>false</hideElementsInCurrentOnly>
<bounds x="1214" y="129" width="170" height="117"/>
</OView>
<OView class="oracle.dbtools.crest.swingui.logical.TVEntity" oid="F85C5DD8-4874-CE3E-09CF-1F0ABFF77CF5" otype="Entity" vid="05C2EF30-FD3B-84E6-D518-35F44D2642C4">
<hideElementsInCurrentOnly>false</hideElementsInCurrentOnly>
<bounds x="617" y="176" width="170" height="113"/>
</OView>
<OView class="oracle.dbtools.crest.swingui.logical.TVEntity" oid="FE81A124-95FE-0F18-0BBA-E6EA6265E4C6" otype="Entity" vid="47E10636-EC49-58AF-F681-857CE802266B">
<hideElementsInCurrentOnly>false</hideElementsInCurrentOnly>
<bounds x="305" y="173" width="170" height="111"/>
</OView>
</objectViews>
<connectors>
<Connector class="oracle.dbtools.crest.swingui.logical.TVRelation" oid="2CF9F91C-5B7E-29EA-83A7-C9BCBC133DEF" otype="Relation" vid_source="A2D7347D-8F6B-CE0A-4ECE-8BDACA3BC6E6" vid_target="F3A68EDA-D721-70D7-B33F-8A5A7F39ED6F">
<hideElementsInCurrentOnly>false</hideElementsInCurrentOnly>
<backgroundColor>-16777216</backgroundColor>
<lineWidth>1</lineWidth>
<sourceLabel class="oracle.dbtools.crest.model.design.Label">
<site>0</site>
<labelBounds x="1248" y="315" width="129" height="30"/>
<noBackgroundColor>true</noBackgroundColor>
<noForegroundColor>true</noForegroundColor>
</sourceLabel>
<targetLabel class="oracle.dbtools.crest.model.design.Label">
<site>2</site>
<labelBounds x="1248" y="282" width="128" height="30"/>
<noBackgroundColor>true</noBackgroundColor>
<noForegroundColor>true</noForegroundColor>
</targetLabel>
<points>
<point x="1248" y="351"/>
<point x="1248" y="246"/>
</points>
</Connector>
<Connector class="oracle.dbtools.crest.swingui.logical.TVRelation" oid="30F217CF-9E47-545A-8989-F6307C42808B" otype="Relation" vid_source="B834D3E3-9E73-4E60-994B-389A82EADC23" vid_target="38A10D83-B97C-BE8D-56D5-8E3ED064BF64">
<hideElementsInCurrentOnly>false</hideElementsInCurrentOnly>
<backgroundColor>-16777216</backgroundColor>
<lineWidth>1</lineWidth>
<sourceLabel class="oracle.dbtools.crest.model.design.Label">
<site>0</site>
<labelBounds x="544" y="107" width="65" height="30"/>
<noBackgroundColor>true</noBackgroundColor>
<noForegroundColor>true</noForegroundColor>
</sourceLabel>
<targetLabel class="oracle.dbtools.crest.model.design.Label">
<site>2</site>
<labelBounds x="187" y="140" width="83" height="30"/>
<noBackgroundColor>true</noBackgroundColor>
<noForegroundColor>true</noForegroundColor>
</targetLabel>
<points>
<point x="615" y="137"/>
<point x="177" y="137"/>
</points>
</Connector>
<Connector class="oracle.dbtools.crest.swingui.logical.TVRelation" oid="485B24B3-74D9-A3A7-B77B-F0B8728A036F" otype="Relation" vid_source="B834D3E3-9E73-4E60-994B-389A82EADC23" vid_target="F3A68EDA-D721-70D7-B33F-8A5A7F39ED6F">
<hideElementsInCurrentOnly>false</hideElementsInCurrentOnly>
<backgroundColor>-16777216</backgroundColor>
<lineWidth>1</lineWidth>
<sourceLabel class="oracle.dbtools.crest.model.design.Label">
<site>0</site>
<labelBounds x="795" y="103" width="66" height="30"/>
<noBackgroundColor>true</noBackgroundColor>
<noForegroundColor>true</noForegroundColor>
</sourceLabel>
<targetLabel class="oracle.dbtools.crest.model.design.Label">
<site>2</site>
<labelBounds x="1155" y="136" width="53" height="30"/>
<noBackgroundColor>true</noBackgroundColor>
<noForegroundColor>true</noForegroundColor>
</targetLabel>
<points>
<point x="785" y="133"/>
<point x="1174" y="133"/>
</points>
</Connector>
<Connector class="oracle.dbtools.crest.swingui.logical.TVRelation" oid="7155757D-7727-BB49-81B4-F7BBF73C6AAB" otype="Relation" vid_source="5C3F7030-39E4-6233-1B98-4D248D7AE3CA" vid_target="38A10D83-B97C-BE8D-56D5-8E3ED064BF64">
<hideElementsInCurrentOnly>false</hideElementsInCurrentOnly>
<backgroundColor>-16777216</backgroundColor>
<lineWidth>1</lineWidth>
<sourceLabel class="oracle.dbtools.crest.model.design.Label">
<site>0</site>
<labelBounds x="151" y="304" width="65" height="30"/>
<noBackgroundColor>true</noBackgroundColor>
<noForegroundColor>true</noForegroundColor>
</sourceLabel>
<targetLabel class="oracle.dbtools.crest.model.design.Label">
<site>2</site>
<labelBounds x="151" y="292" width="83" height="30"/>
<noBackgroundColor>true</noBackgroundColor>
<noForegroundColor>true</noForegroundColor>
</targetLabel>
<points>
<point x="151" y="340"/>
<point x="151" y="248"/>
</points>
</Connector>
<Connector class="oracle.dbtools.crest.swingui.logical.TVRelation" oid="841800ED-485F-9CF8-7DD5-B8A86BFED93B" otype="Relation" vid_source="05C2EF30-FD3B-84E6-D518-35F44D2642C4" vid_target="7CFE37C1-0C45-13DA-5A19-6E368D69A89F">
<hideElementsInCurrentOnly>false</hideElementsInCurrentOnly>
<backgroundColor>-16777216</backgroundColor>
<lineWidth>1</lineWidth>
<sourceLabel class="oracle.dbtools.crest.model.design.Label">
<site>0</site>
<labelBounds x="797" y="217" width="90" height="30"/>
<noBackgroundColor>true</noBackgroundColor>
<noForegroundColor>true</noForegroundColor>
</sourceLabel>
<targetLabel class="oracle.dbtools.crest.model.design.Label">
<site>2</site>
<labelBounds x="831" y="250" width="69" height="30"/>
<noBackgroundColor>true</noBackgroundColor>
<noForegroundColor>true</noForegroundColor>
</targetLabel>
<points>
<point x="787" y="247"/>
<point x="906" y="247"/>
</points>
</Connector>
<Connector class="oracle.dbtools.crest.swingui.logical.TVRelation" oid="B4AE4191-23AD-8EFA-BC71-05719DF5F5FF" otype="Relation" vid_source="F3A68EDA-D721-70D7-B33F-8A5A7F39ED6F" vid_target="7CFE37C1-0C45-13DA-5A19-6E368D69A89F">
<hideElementsInCurrentOnly>false</hideElementsInCurrentOnly>
<backgroundColor>-16777216</backgroundColor>
<lineWidth>1</lineWidth>
<sourceLabel class="oracle.dbtools.crest.model.design.Label">
<site>0</site>
<labelBounds x="1174" y="196" width="34" height="30"/>
<noBackgroundColor>true</noBackgroundColor>
<noForegroundColor>true</noForegroundColor>
</sourceLabel>
<targetLabel class="oracle.dbtools.crest.model.design.Label">
<site>2</site>
<labelBounds x="1086" y="229" width="40" height="30"/>
<noBackgroundColor>true</noBackgroundColor>
<noForegroundColor>true</noForegroundColor>
</targetLabel>
<points>
<point x="1174" y="226"/>
<point x="1066" y="226"/>
</points>
</Connector>
<Connector class="oracle.dbtools.crest.swingui.logical.TVRelation" oid="D36CA97D-ED1D-8566-9EC1-158B02AD33ED" otype="Relation" vid_source="38A10D83-B97C-BE8D-56D5-8E3ED064BF64" vid_target="47E10636-EC49-58AF-F681-857CE802266B">
<hideElementsInCurrentOnly>false</hideElementsInCurrentOnly>
<backgroundColor>-16777216</backgroundColor>
<lineWidth>1</lineWidth>
<sourceLabel class="oracle.dbtools.crest.model.design.Label">
<site>0</site>
<labelBounds x="187" y="180" width="40" height="30"/>
<noBackgroundColor>true</noBackgroundColor>
<noForegroundColor>true</noForegroundColor>
</sourceLabel>
<targetLabel class="oracle.dbtools.crest.model.design.Label">
<site>2</site>
<labelBounds x="253" y="213" width="46" height="30"/>
<noBackgroundColor>true</noBackgroundColor>
<noForegroundColor>true</noForegroundColor>
</targetLabel>
<points>
<point x="177" y="210"/>
<point x="305" y="210"/>
</points>
</Connector>
<Connector class="oracle.dbtools.crest.swingui.logical.TVRelation" oid="F3A366CB-83F3-4568-B86C-E16488CFF9E9" otype="Relation" vid_source="05C2EF30-FD3B-84E6-D518-35F44D2642C4" vid_target="47E10636-EC49-58AF-F681-857CE802266B">
<hideElementsInCurrentOnly>false</hideElementsInCurrentOnly>
<backgroundColor>-16777216</backgroundColor>
<lineWidth>1</lineWidth>
<sourceLabel class="oracle.dbtools.crest.model.design.Label">
<site>0</site>
<labelBounds x="529" y="200" width="82" height="30"/>
<noBackgroundColor>true</noBackgroundColor>
<noForegroundColor>true</noForegroundColor>
</sourceLabel>
<targetLabel class="oracle.dbtools.crest.model.design.Label">
<site>2</site>
<labelBounds x="485" y="233" width="121" height="30"/>
<noBackgroundColor>true</noBackgroundColor>
<noForegroundColor>true</noForegroundColor>
</targetLabel>
<points>
<point x="617" y="230"/>
<point x="475" y="230"/>
</points>
</Connector>
</connectors>
</Diagram>