<?xml version = '1.0' encoding = 'UTF-8'?>
<Relation class="oracle.dbtools.crest.model.design.logical.Relation" name="Relation_6" directorySegmentName="seg_0" id="7155757D-7727-BB49-81B4-F7BBF73C6AAB">
<createdBy>ARS</createdBy>
<createdTime>2022-10-11 08:02:26 UTC</createdTime>
<ownerDesignName>Tugas 3</ownerDesignName>
<engineerTo>
<item key="E9908741-83B1-450C-F66E-91001D8B4836" value="true"/>
</engineerTo>
<sourcePk>287310F3-E0A9-76CA-F4B4-97BD42DD05E0</sourcePk>
<identifying>false</identifying>
<nameOnSource>melakukan</nameOnSource>
<nameOnTarget>dilakukan oleh</nameOnTarget>
<optionalSource>true</optionalSource>
<optionalTarget>false</optionalTarget>
<sourceCardinality>1</sourceCardinality>
<sourceEntity>E6179B46-05FD-B0D3-7000-072B38768B44</sourceEntity>
<targetCardinalityString>*</targetCardinalityString>
<targetEntity>BC9B17C6-39FE-48B0-1667-BC73542E7D8A</targetEntity>
<transferable>true</transferable>
<deleteRule>NO ACTION</deleteRule>
</Relation>