<?xml version = '1.0' encoding = 'UTF-8'?>
<Entity class="oracle.dbtools.crest.model.design.logical.Entity" directorySegmentName="seg_0" id="4587256C-D802-2469-800B-CE03CDBE0C4D" name="karyawan">
<createdBy>ARS</createdBy>
<createdTime>2022-10-11 06:52:38 UTC</createdTime>
<ownerDesignName>Tugas 3</ownerDesignName>
<engineerTo>
<item key="E9908741-83B1-450C-F66E-91001D8B4836" value="true"/>
</engineerTo>
<adequatelyNormalized>NO</adequatelyNormalized>
<expectedVolumes>0</expectedVolumes>
<fwdEngineeringStrategyName>Single Table</fwdEngineeringStrategyName>
<growthPercent>0</growthPercent>
<growthType>Year</growthType>
<maxVolumes>9999999</maxVolumes>
<minVolumes>0</minVolumes>
<normalForm>Third</normalForm>
<attributes itemClass="oracle.dbtools.crest.model.design.logical.Attribute">
<Attribute name="id_karyawan" id="39052675-D483-82BA-6A98-14E9FD1BFD3C">
<createdBy>ARS</createdBy>
<createdTime>2022-10-11 07:32:07 UTC</createdTime>
<ownerDesignName>Tugas 3</ownerDesignName>
<engineerTo>
<item key="E9908741-83B1-450C-F66E-91001D8B4836" value="true"/>
</engineerTo>
<useDomainConstraints>false</useDomainConstraints>
<use>1</use>
<logicalDatatype>LOGDT025</logicalDatatype>
<dataTypeSize>6</dataTypeSize>
<ownDataTypeParameters>6,,</ownDataTypeParameters>
</Attribute>
<Attribute name="nama" id="D6762231-5848-7A77-FB4E-F3BA0A4BD26E">
<createdBy>ARS</createdBy>
<createdTime>2022-10-11 07:32:31 UTC</createdTime>
<ownerDesignName>Tugas 3</ownerDesignName>
<engineerTo>
<item key="E9908741-83B1-450C-F66E-91001D8B4836" value="true"/>
</engineerTo>
<useDomainConstraints>false</useDomainConstraints>
<use>1</use>
<logicalDatatype>LOGDT024</logicalDatatype>
<dataTypeSize>50</dataTypeSize>
<ownDataTypeParameters>50,,</ownDataTypeParameters>
</Attribute>
<Attribute name="jabatan" id="13CBD73D-1442-EA89-D5B1-B237590C73F5">
<createdBy>ARS</createdBy>
<createdTime>2022-10-11 07:32:48 UTC</createdTime>
<ownerDesignName>Tugas 3</ownerDesignName>
<engineerTo>
<item key="E9908741-83B1-450C-F66E-91001D8B4836" value="true"/>
</engineerTo>
<useDomainConstraints>false</useDomainConstraints>
<use>1</use>
<logicalDatatype>LOGDT024</logicalDatatype>
<dataTypeSize>10</dataTypeSize>
<ownDataTypeParameters>10,,</ownDataTypeParameters>
</Attribute>
<Attribute name="jenis_kelamin" id="25645DAC-4FE2-EBF7-9EFA-7826D62DD5E2">
<createdBy>ARS</createdBy>
<createdTime>2022-10-11 07:33:15 UTC</createdTime>
<ownerDesignName>Tugas 3</ownerDesignName>
<engineerTo>
<item key="E9908741-83B1-450C-F66E-91001D8B4836" value="true"/>
</engineerTo>
<useDomainConstraints>false</useDomainConstraints>
<use>1</use>
<logicalDatatype>LOGDT025</logicalDatatype>
<dataTypeSize>1</dataTypeSize>
<ownDataTypeParameters>1,,</ownDataTypeParameters>
</Attribute>
<Attribute name="tanggal_lahir" id="5149D723-0926-D5BA-D5FE-1E33ADD443AA">
<createdBy>ARS</createdBy>
<createdTime>2022-10-11 07:33:27 UTC</createdTime>
<ownerDesignName>Tugas 3</ownerDesignName>
<engineerTo>
<item key="E9908741-83B1-450C-F66E-91001D8B4836" value="true"/>
</engineerTo>
<useDomainConstraints>false</useDomainConstraints>
<use>1</use>
<logicalDatatype>LOGDT007</logicalDatatype>
<ownDataTypeParameters>,,</ownDataTypeParameters>
</Attribute>
<Attribute name="alamat" id="04769337-A91B-64B8-54CF-A74BC09EFC9D">
<createdBy>ARS</createdBy>
<createdTime>2022-10-11 07:34:28 UTC</createdTime>
<ownerDesignName>Tugas 3</ownerDesignName>
<engineerTo>
<item key="E9908741-83B1-450C-F66E-91001D8B4836" value="true"/>
</engineerTo>
<useDomainConstraints>false</useDomainConstraints>
<use>1</use>
<logicalDatatype>LOGDT024</logicalDatatype>
<dataTypeSize>100</dataTypeSize>
<ownDataTypeParameters>100,,</ownDataTypeParameters>
</Attribute>
<Attribute name="no_hp" id="EB58AB1D-5F59-4638-320A-7A0783EF7B75">
<createdBy>ARS</createdBy>
<createdTime>2022-10-11 07:35:07 UTC</createdTime>
<ownerDesignName>Tugas 3</ownerDesignName>
<engineerTo>
<item key="E9908741-83B1-450C-F66E-91001D8B4836" value="true"/>
</engineerTo>
<useDomainConstraints>false</useDomainConstraints>
<use>1</use>
<logicalDatatype>LOGDT024</logicalDatatype>
<dataTypeSize>14</dataTypeSize>
<ownDataTypeParameters>14,,</ownDataTypeParameters>
</Attribute>
<Attribute name="email" id="5EA2A802-809E-F618-1BF6-636A6EE87731">
<createdBy>ARS</createdBy>
<createdTime>2022-10-11 07:35:21 UTC</createdTime>
<ownerDesignName>Tugas 3</ownerDesignName>
<engineerTo>
<item key="E9908741-83B1-450C-F66E-91001D8B4836" value="true"/>
</engineerTo>
<useDomainConstraints>false</useDomainConstraints>
<use>1</use>
<logicalDatatype>LOGDT024</logicalDatatype>
<dataTypeSize>20</dataTypeSize>
<ownDataTypeParameters>20,,</ownDataTypeParameters>
</Attribute>
</attributes>
<identifiers itemClass="oracle.dbtools.crest.model.design.logical.CandidateKey">
<identifier id="4BD92A0B-8241-A848-CD9C-99658749A18F" name="karyawan PK">
<createdBy>ARS</createdBy>
<createdTime>2022-10-11 07:32:16 UTC</createdTime>
<ownerDesignName>Tugas 3</ownerDesignName>
<engineerTo>
<item key="E9908741-83B1-450C-F66E-91001D8B4836" value="true"/>
</engineerTo>
<pk>true</pk>
<usedAttributes>
<attributeRef>39052675-D483-82BA-6A98-14E9FD1BFD3C</attributeRef>
</usedAttributes>
</identifier>
</identifiers>
</Entity>