<?xml version = '1.0' encoding = 'UTF-8'?>
<Entity class="oracle.dbtools.crest.model.design.logical.Entity" directorySegmentName="seg_0" id="5E1E7A22-16EE-6310-847D-9DF3D87935CD" name="detail_pembelian_distributor">
<createdBy>ARS</createdBy>
<createdTime>2022-10-12 16:22:37 UTC</createdTime>
<ownerDesignName>Tugas 3</ownerDesignName>
<engineerTo>
<item key="E9908741-83B1-450C-F66E-91001D8B4836" value="true"/>
</engineerTo>
<adequatelyNormalized>NO</adequatelyNormalized>
<expectedVolumes>0</expectedVolumes>
<fwdEngineeringStrategyName>Single Table</fwdEngineeringStrategyName>
<growthPercent>0</growthPercent>
<growthType>Year</growthType>
<maxVolumes>9999999</maxVolumes>
<minVolumes>0</minVolumes>
<normalForm>Third</normalForm>
<attributes itemClass="oracle.dbtools.crest.model.design.logical.Attribute">
<Attribute name="id_detail_distributor" id="E06F9478-9820-2292-443F-AB0D6B5292E8">
<createdBy>ARS</createdBy>
<createdTime>2022-10-12 16:25:57 UTC</createdTime>
<ownerDesignName>Tugas 3</ownerDesignName>
<engineerTo>
<item key="E9908741-83B1-450C-F66E-91001D8B4836" value="true"/>
</engineerTo>
<useDomainConstraints>false</useDomainConstraints>
<use>1</use>
<logicalDatatype>LOGDT025</logicalDatatype>
<dataTypeSize>6</dataTypeSize>
<ownDataTypeParameters>6,,</ownDataTypeParameters>
</Attribute>
<Attribute name="nama_distributor" id="5B085536-F8DA-0D84-B2A4-2DB1EC26B062">
<createdBy>ARS</createdBy>
<createdTime>2022-10-12 16:26:29 UTC</createdTime>
<ownerDesignName>Tugas 3</ownerDesignName>
<engineerTo>
<item key="E9908741-83B1-450C-F66E-91001D8B4836" value="true"/>
</engineerTo>
<useDomainConstraints>false</useDomainConstraints>
<use>1</use>
<logicalDatatype>LOGDT024</logicalDatatype>
<dataTypeSize>20</dataTypeSize>
<ownDataTypeParameters>20,,</ownDataTypeParameters>
</Attribute>
<Attribute name="jumlah_pembelian" id="1CADDD88-5A1B-896B-6322-957CE06661B6">
<createdBy>ARS</createdBy>
<createdTime>2022-10-12 16:27:55 UTC</createdTime>
<ownerDesignName>Tugas 3</ownerDesignName>
<engineerTo>
<item key="E9908741-83B1-450C-F66E-91001D8B4836" value="true"/>
</engineerTo>
<useDomainConstraints>false</useDomainConstraints>
<use>1</use>
<logicalDatatype>LOGDT011</logicalDatatype>
<ownDataTypeParameters>,,</ownDataTypeParameters>
</Attribute>
<Attribute name="jenis_barang" id="5B8A5F80-C89F-FD31-A12A-B1F9545F2BAE">
<createdBy>ARS</createdBy>
<createdTime>2022-10-12 16:29:33 UTC</createdTime>
<ownerDesignName>Tugas 3</ownerDesignName>
<engineerTo>
<item key="E9908741-83B1-450C-F66E-91001D8B4836" value="true"/>
</engineerTo>
<useDomainConstraints>false</useDomainConstraints>
<use>1</use>
<logicalDatatype>LOGDT024</logicalDatatype>
<dataTypeSize>20</dataTypeSize>
<ownDataTypeParameters>20,,</ownDataTypeParameters>
</Attribute>
<Attribute name="id_produk" id="59485B9F-ED3B-31FA-D958-CB0EF8FD8F4A">
<createdBy>ARS</createdBy>
<createdTime>2022-10-12 16:31:26 UTC</createdTime>
<generatorID>841800ED-485F-9CF8-7DD5-B8A86BFED93B</generatorID>
<ownerDesignName>Tugas 3</ownerDesignName>
<engineerTo>
<item key="E9908741-83B1-450C-F66E-91001D8B4836" value="true"/>
</engineerTo>
<referedAttribute>DA53F730-7D98-393E-8FBD-272FD83075C0</referedAttribute>
<useDomainConstraints>false</useDomainConstraints>
<use>1</use>
<logicalDatatype>LOGDT025</logicalDatatype>
<dataTypeSize>6</dataTypeSize>
<ownDataTypeParameters>,,</ownDataTypeParameters>
</Attribute>
<Attribute name="id_pembelian" id="6CC92173-B86A-A24A-B91C-B4FD8B72A087">
<createdBy>ARS</createdBy>
<createdTime>2022-10-12 16:31:38 UTC</createdTime>
<generatorID>B4AE4191-23AD-8EFA-BC71-05719DF5F5FF</generatorID>
<ownerDesignName>Tugas 3</ownerDesignName>
<engineerTo>
<item key="E9908741-83B1-450C-F66E-91001D8B4836" value="true"/>
</engineerTo>
<referedAttribute>77BF81C8-62C7-7E84-95B6-4EAB4741DACC</referedAttribute>
<useDomainConstraints>false</useDomainConstraints>
<use>1</use>
<logicalDatatype>LOGDT025</logicalDatatype>
<dataTypeSize>6</dataTypeSize>
<ownDataTypeParameters>,,</ownDataTypeParameters>
</Attribute>
</attributes>
<identifiers itemClass="oracle.dbtools.crest.model.design.logical.CandidateKey">
<identifier id="43CFA39A-5FDF-77A2-5546-0834B38075F1" name="detail_pembelian_distributor PK">
<createdBy>ARS</createdBy>
<createdTime>2022-10-12 16:26:21 UTC</createdTime>
<ownerDesignName>Tugas 3</ownerDesignName>
<engineerTo>
<item key="E9908741-83B1-450C-F66E-91001D8B4836" value="true"/>
</engineerTo>
<pk>true</pk>
<usedAttributes>
<attributeRef>E06F9478-9820-2292-443F-AB0D6B5292E8</attributeRef>
</usedAttributes>
</identifier>
</identifiers>
</Entity>