<?xml version = '1.0' encoding = 'UTF-8'?>
<Entity class="oracle.dbtools.crest.model.design.logical.Entity" directorySegmentName="seg_0" id="BC9B17C6-39FE-48B0-1667-BC73542E7D8A" name="transaksi">
<createdBy>ARS</createdBy>
<createdTime>2022-10-11 07:45:29 UTC</createdTime>
<ownerDesignName>Tugas 3</ownerDesignName>
<engineerTo>
<item key="E9908741-83B1-450C-F66E-91001D8B4836" value="true"/>
</engineerTo>
<adequatelyNormalized>NO</adequatelyNormalized>
<expectedVolumes>0</expectedVolumes>
<fwdEngineeringStrategyName>Single Table</fwdEngineeringStrategyName>
<growthPercent>0</growthPercent>
<growthType>Year</growthType>
<maxVolumes>9999999</maxVolumes>
<minVolumes>0</minVolumes>
<normalForm>Third</normalForm>
<attributes itemClass="oracle.dbtools.crest.model.design.logical.Attribute">
<Attribute name="id_transaksi" id="683A25B8-CD30-B4EC-0959-1AED893C9890">
<createdBy>ARS</createdBy>
<createdTime>2022-10-11 07:45:39 UTC</createdTime>
<ownerDesignName>Tugas 3</ownerDesignName>
<engineerTo>
<item key="E9908741-83B1-450C-F66E-91001D8B4836" value="true"/>
</engineerTo>
<useDomainConstraints>false</useDomainConstraints>
<use>1</use>
<logicalDatatype>LOGDT025</logicalDatatype>
<dataTypeSize>6</dataTypeSize>
<ownDataTypeParameters>6,,</ownDataTypeParameters>
</Attribute>
<Attribute name="tanggal_transaksi" id="C3EFCC1D-840C-0E42-8F0B-3B355834FFE1">
<createdBy>ARS</createdBy>
<createdTime>2022-10-11 07:45:51 UTC</createdTime>
<ownerDesignName>Tugas 3</ownerDesignName>
<engineerTo>
<item key="E9908741-83B1-450C-F66E-91001D8B4836" value="true"/>
</engineerTo>
<useDomainConstraints>false</useDomainConstraints>
<use>1</use>
<logicalDatatype>LOGDT007</logicalDatatype>
<ownDataTypeParameters>,,</ownDataTypeParameters>
</Attribute>
<Attribute name="id_karyawan" id="BC998A7F-A71A-60A5-FF3C-B30B6FC76FFB">
<createdBy>ARS</createdBy>
<createdTime>2022-10-11 08:00:09 UTC</createdTime>
<generatorID>30F217CF-9E47-545A-8989-F6307C42808B</generatorID>
<ownerDesignName>Tugas 3</ownerDesignName>
<engineerTo>
<item key="E9908741-83B1-450C-F66E-91001D8B4836" value="true"/>
</engineerTo>
<referedAttribute>39052675-D483-82BA-6A98-14E9FD1BFD3C</referedAttribute>
<useDomainConstraints>false</useDomainConstraints>
<use>1</use>
<logicalDatatype>LOGDT025</logicalDatatype>
<dataTypeSize>6</dataTypeSize>
<ownDataTypeParameters>,,</ownDataTypeParameters>
</Attribute>
<Attribute name="id_konsumen" id="DB542F9B-8D4F-7FB7-BD3E-8D4221D4AFF0">
<createdBy>ARS</createdBy>
<createdTime>2022-10-11 08:02:26 UTC</createdTime>
<generatorID>7155757D-7727-BB49-81B4-F7BBF73C6AAB</generatorID>
<ownerDesignName>Tugas 3</ownerDesignName>
<engineerTo>
<item key="E9908741-83B1-450C-F66E-91001D8B4836" value="true"/>
</engineerTo>
<referedAttribute>37562AF9-78A2-CFD6-62E8-8B632986D53C</referedAttribute>
<useDomainConstraints>false</useDomainConstraints>
<use>1</use>
<logicalDatatype>LOGDT025</logicalDatatype>
<dataTypeSize>6</dataTypeSize>
<ownDataTypeParameters>,,</ownDataTypeParameters>
</Attribute>
</attributes>
<identifiers itemClass="oracle.dbtools.crest.model.design.logical.CandidateKey">
<identifier id="13AA5C3A-1A29-A17D-FA41-FE3F3511CAD5" name="transaksi PK">
<createdBy>ARS</createdBy>
<createdTime>2022-10-11 07:45:50 UTC</createdTime>
<ownerDesignName>Tugas 3</ownerDesignName>
<engineerTo>
<item key="E9908741-83B1-450C-F66E-91001D8B4836" value="true"/>
</engineerTo>
<pk>true</pk>
<usedAttributes>
<attributeRef>683A25B8-CD30-B4EC-0959-1AED893C9890</attributeRef>
</usedAttributes>
</identifier>
</identifiers>
</Entity>