<?xml version = '1.0' encoding = 'UTF-8'?>
<Entity class="oracle.dbtools.crest.model.design.logical.Entity" directorySegmentName="seg_0" id="E6179B46-05FD-B0D3-7000-072B38768B44" name="konsumen">
<createdBy>ARS</createdBy>
<createdTime>2022-10-11 06:55:06 UTC</createdTime>
<ownerDesignName>Tugas 3</ownerDesignName>
<engineerTo>
<item key="E9908741-83B1-450C-F66E-91001D8B4836" value="true"/>
</engineerTo>
<adequatelyNormalized>NO</adequatelyNormalized>
<expectedVolumes>0</expectedVolumes>
<fwdEngineeringStrategyName>Single Table</fwdEngineeringStrategyName>
<growthPercent>0</growthPercent>
<growthType>Year</growthType>
<maxVolumes>9999999</maxVolumes>
<minVolumes>0</minVolumes>
<normalForm>Third</normalForm>
<attributes itemClass="oracle.dbtools.crest.model.design.logical.Attribute">
<Attribute name="id_konsumen" id="37562AF9-78A2-CFD6-62E8-8B632986D53C">
<createdBy>ARS</createdBy>
<createdTime>2022-10-11 07:36:14 UTC</createdTime>
<ownerDesignName>Tugas 3</ownerDesignName>
<engineerTo>
<item key="E9908741-83B1-450C-F66E-91001D8B4836" value="true"/>
</engineerTo>
<useDomainConstraints>false</useDomainConstraints>
<use>1</use>
<logicalDatatype>LOGDT025</logicalDatatype>
<dataTypeSize>6</dataTypeSize>
<ownDataTypeParameters>6,,</ownDataTypeParameters>
</Attribute>
<Attribute name="nama" id="E5B3A1CD-61F2-EF73-FC0E-CCA0743597EB">
<createdBy>ARS</createdBy>
<createdTime>2022-10-11 07:36:33 UTC</createdTime>
<ownerDesignName>Tugas 3</ownerDesignName>
<engineerTo>
<item key="E9908741-83B1-450C-F66E-91001D8B4836" value="true"/>
</engineerTo>
<useDomainConstraints>false</useDomainConstraints>
<use>1</use>
<logicalDatatype>LOGDT024</logicalDatatype>
<dataTypeSize>50</dataTypeSize>
<ownDataTypeParameters>50,,</ownDataTypeParameters>
</Attribute>
<Attribute name="alamat" id="4ADCEAF7-A68A-5B52-3B38-7488FEE4B36E">
<createdBy>ARS</createdBy>
<createdTime>2022-10-11 07:36:44 UTC</createdTime>
<ownerDesignName>Tugas 3</ownerDesignName>
<engineerTo>
<item key="E9908741-83B1-450C-F66E-91001D8B4836" value="true"/>
</engineerTo>
<useDomainConstraints>false</useDomainConstraints>
<use>1</use>
<logicalDatatype>LOGDT024</logicalDatatype>
<dataTypeSize>100</dataTypeSize>
<ownDataTypeParameters>100,,</ownDataTypeParameters>
</Attribute>
<Attribute name="no_hp" id="326E35CE-1153-AECC-08DE-CC47D19BED15">
<createdBy>ARS</createdBy>
<createdTime>2022-10-11 07:37:27 UTC</createdTime>
<ownerDesignName>Tugas 3</ownerDesignName>
<engineerTo>
<item key="E9908741-83B1-450C-F66E-91001D8B4836" value="true"/>
</engineerTo>
<useDomainConstraints>false</useDomainConstraints>
<use>1</use>
<logicalDatatype>LOGDT024</logicalDatatype>
<dataTypeSize>14</dataTypeSize>
<ownDataTypeParameters>14,,</ownDataTypeParameters>
</Attribute>
</attributes>
<identifiers itemClass="oracle.dbtools.crest.model.design.logical.CandidateKey">
<identifier id="287310F3-E0A9-76CA-F4B4-97BD42DD05E0" name="konsumen PK">
<createdBy>ARS</createdBy>
<createdTime>2022-10-11 07:36:30 UTC</createdTime>
<ownerDesignName>Tugas 3</ownerDesignName>
<engineerTo>
<item key="E9908741-83B1-450C-F66E-91001D8B4836" value="true"/>
</engineerTo>
<pk>true</pk>
<usedAttributes>
<attributeRef>37562AF9-78A2-CFD6-62E8-8B632986D53C</attributeRef>
</usedAttributes>
</identifier>
</identifiers>
</Entity>